1,1445 Dreibelbis St.,State College,PA,USA
265,Past Boston First Happy St.,Quincy,MA,USA
266,First Vanco New York City Happy St.,Quincy,MA,USA
267,Chicago Happy St.,Quincy,MA,USA
268,Detroit Happy St.,Quincy,MA,USA
269,What's Happy St.,Quincy,MA,USA
270,Washington DC Happy St.,Quincy,MA,USA
271,Philadelphia Happy St.,Quincy,MA,USA
272,1335 DacesRoute St.,Quincy,MA,USA
273,15 Invalid St.,Quincy,MA,USA
274,22 Ggoogle St.,Quincy,MA,USA
275,Villas at happy vally St.,Quincy,MA,USA
276,13 Apple St.,Quincy,MA,USA
277,Downtown Happy St.,Quincy,MA,USA
278,142 Twiter St.,Quincy,MA,USA
279,22 Shadow St.,Quincy,MA,USA
280,13 Simple St.,Quincy,MA,USA
281,Simple awp Happy St.,Quincy,MA,USA
282,66 Shadow St.,Quincy,MA,USA
283,Vally Happy St.,Quincy,MA,USA
284,Vally Happy St.,Quincy,MA,USA
285,21 Csgo St.,Quincy,MA,USA
286,223 Legue of legend St.,Quincy,MA,USA
287,1223 Yasuo St.,Quincy,MA,USA
288,567 UClaandusc St.,Quincy,MA,USA
289,George St.,Quincy,MA,USA
290,Hamberger St.,Quincy,MA,USA
291,1234 Hilltom St.,Quincy,MA,USA
292,122 Frasico St.,Quincy,MA,USA
293,Past Boston First Happy St.,Boston,MA,USA
294,First Vanco New York City Happy St.,Boston,MA,USA
295,Chicago Happy St.,Boston,MA,USA
296,Detroit Happy St.,Boston,MA,USA
297,What's Happy St.,Boston,MA,USA
298,Washington DC Happy St.,Boston,MA,USA
299,Philadelphia Happy St.,Boston,MA,USA
300,1335 DacesRoute St.,Boston,MA,USA
301,15 Invalid St.,Boston,MA,USA
302,22 Ggoogle St.,Boston,MA,USA
303,Villas at happy vally St.,Boston,MA,USA
304,13 Apple St.,Boston,MA,USA
305,Downtown Happy St.,Boston,MA,USA
306,142 Twiter St.,Boston,MA,USA
307,22 Shadow St.,Boston,MA,USA
308,13 Simple St.,Boston,MA,USA
309,Simple awp Happy St.,Boston,MA,USA
310,66 Shadow St.,Boston,MA,USA
311,Vally Happy St.,Boston,MA,USA
312,Vally Happy St.,Boston,MA,USA
313,21 Csgo St.,Boston,MA,USA
314,223 Legue of legend St.,Boston,MA,USA
315,1223 Yasuo St.,Boston,MA,USA
316,567 UClaandusc St.,Boston,MA,USA
317,George St.,Boston,MA,USA
318,Hamberger St.,Boston,MA,USA
319,1234 Hilltom St.,Boston,MA,USA
320,122 Frasico St.,Boston,MA,USA
321,Past Boston First Happy St.,Lynn,MA,USA
322,First Vanco New York City Happy St.,Lynn,MA,USA
323,Chicago Happy St.,Lynn,MA,USA
324,Detroit Happy St.,Lynn,MA,USA
325,What's Happy St.,Lynn,MA,USA
326,Washington DC Happy St.,Lynn,MA,USA
327,Philadelphia Happy St.,Lynn,MA,USA
328,1335 DacesRoute St.,Lynn,MA,USA
329,15 Invalid St.,Lynn,MA,USA
330,22 Ggoogle St.,Lynn,MA,USA
331,Villas at happy vally St.,Lynn,MA,USA
332,13 Apple St.,Lynn,MA,USA
333,Downtown Happy St.,Lynn,MA,USA
334,142 Twiter St.,Lynn,MA,USA
335,22 Shadow St.,Lynn,MA,USA
336,13 Simple St.,Lynn,MA,USA
337,Simple awp Happy St.,Lynn,MA,USA
338,66 Shadow St.,Lynn,MA,USA
339,Vally Happy St.,Lynn,MA,USA
340,Vally Happy St.,Lynn,MA,USA
341,21 Csgo St.,Lynn,MA,USA
342,223 Legue of legend St.,Lynn,MA,USA
343,1223 Yasuo St.,Lynn,MA,USA
344,567 UClaandusc St.,Lynn,MA,USA
345,George St.,Lynn,MA,USA
346,Hamberger St.,Lynn,MA,USA
347,1234 Hilltom St.,Lynn,MA,USA
348,122 Frasico St.,Lynn,MA,USA
349,Past Boston First Happy St.,Los Angles,CA,USA
350,First Vanco New York City Happy St.,Los Angles,CA,USA
351,Chicago Happy St.,Los Angles,CA,USA
352,Detroit Happy St.,Los Angles,CA,USA
353,What's Happy St.,Los Angles,CA,USA
354,Washington DC Happy St.,Los Angles,CA,USA
355,Philadelphia Happy St.,Los Angles,CA,USA
356,1335 DacesRoute St.,Los Angles,CA,USA
357,15 Invalid St.,Los Angles,CA,USA
358,22 Ggoogle St.,Los Angles,CA,USA
359,Villas at happy vally St.,Los Angles,CA,USA
360,13 Apple St.,Los Angles,CA,USA
361,Downtown Happy St.,Los Angles,CA,USA
362,142 Twiter St.,Los Angles,CA,USA
363,22 Shadow St.,Los Angles,CA,USA
364,13 Simple St.,Los Angles,CA,USA
365,Simple awp Happy St.,Los Angles,CA,USA
366,66 Shadow St.,Los Angles,CA,USA
367,Vally Happy St.,Los Angles,CA,USA
368,Vally Happy St.,Los Angles,CA,USA
369,21 Csgo St.,Los Angles,CA,USA
370,223 Legue of legend St.,Los Angles,CA,USA
371,1223 Yasuo St.,Los Angles,CA,USA
372,567 UClaandusc St.,Los Angles,CA,USA
373,George St.,Los Angles,CA,USA
374,Hamberger St.,Los Angles,CA,USA
375,1234 Hilltom St.,Los Angles,CA,USA
376,122 Frasico St.,Los Angles,CA,USA
377,Past Boston First Happy St.,State College,PA,USA
378,First Vanco New York City Happy St.,State College,PA,USA
379,Chicago Happy St.,State College,PA,USA
380,Detroit Happy St.,State College,PA,USA
381,What's Happy St.,State College,PA,USA
382,Washington DC Happy St.,State College,PA,USA
383,Philadelphia Happy St.,State College,PA,USA
384,1335 DacesRoute St.,State College,PA,USA
385,15 Invalid St.,State College,PA,USA
386,22 Ggoogle St.,State College,PA,USA
387,Villas at happy vally St.,State College,PA,USA
388,13 Apple St.,State College,PA,USA
389,Downtown Happy St.,State College,PA,USA
390,142 Twiter St.,State College,PA,USA
391,22 Shadow St.,State College,PA,USA
392,13 Simple St.,State College,PA,USA
393,Simple awp Happy St.,State College,PA,USA
394,66 Shadow St.,State College,PA,USA
395,Vally Happy St.,State College,PA,USA
396,Vally Happy St.,State College,PA,USA
397,21 Csgo St.,State College,PA,USA
398,223 Legue of legend St.,State College,PA,USA
399,1223 Yasuo St.,State College,PA,USA
400,567 UClaandusc St.,State College,PA,USA
401,George St.,State College,PA,USA
402,Hamberger St.,State College,PA,USA
403,1234 Hilltom St.,State College,PA,USA
404,122 Frasico St.,State College,PA,USA
405,Past Boston First Happy St.,Worcester,MA,USA
406,First Vanco New York City Happy St.,Worcester,MA,USA
407,Chicago Happy St.,Worcester,MA,USA
408,Detroit Happy St.,Worcester,MA,USA
409,What's Happy St.,Worcester,MA,USA
410,Washington DC Happy St.,Worcester,MA,USA
411,Philadelphia Happy St.,Worcester,MA,USA
412,1335 DacesRoute St.,Worcester,MA,USA
413,15 Invalid St.,Worcester,MA,USA
414,22 Ggoogle St.,Worcester,MA,USA
415,Villas at happy vally St.,Worcester,MA,USA
416,13 Apple St.,Worcester,MA,USA
417,Downtown Happy St.,Worcester,MA,USA
418,142 Twiter St.,Worcester,MA,USA
419,22 Shadow St.,Worcester,MA,USA
420,13 Simple St.,Worcester,MA,USA
421,Simple awp Happy St.,Worcester,MA,USA
422,66 Shadow St.,Worcester,MA,USA
423,Vally Happy St.,Worcester,MA,USA
424,Vally Happy St.,Worcester,MA,USA
425,21 Csgo St.,Worcester,MA,USA
426,223 Legue of legend St.,Worcester,MA,USA
427,1223 Yasuo St.,Worcester,MA,USA
428,567 UClaandusc St.,Worcester,MA,USA
429,George St.,Worcester,MA,USA
430,Hamberger St.,Worcester,MA,USA
431,1234 Hilltom St.,Worcester,MA,USA
432,122 Frasico St.,Worcester,MA,USA
433,Past Boston First Happy St.,Dallas,TA,USA
434,First Vanco New York City Happy St.,Dallas,TA,USA
435,Chicago Happy St.,Dallas,TA,USA
436,Detroit Happy St.,Dallas,TA,USA
437,What's Happy St.,Dallas,TA,USA
438,Washington DC Happy St.,Dallas,TA,USA
439,Philadelphia Happy St.,Dallas,TA,USA
440,1335 DacesRoute St.,Dallas,TA,USA
441,15 Invalid St.,Dallas,TA,USA
442,22 Ggoogle St.,Dallas,TA,USA
443,Villas at happy vally St.,Dallas,TA,USA
444,13 Apple St.,Dallas,TA,USA
445,Downtown Happy St.,Dallas,TA,USA
446,142 Twiter St.,Dallas,TA,USA
447,22 Shadow St.,Dallas,TA,USA
448,13 Simple St.,Dallas,TA,USA
449,Simple awp Happy St.,Dallas,TA,USA
450,66 Shadow St.,Dallas,TA,USA
451,Vally Happy St.,Dallas,TA,USA
452,Vally Happy St.,Dallas,TA,USA
453,21 Csgo St.,Dallas,TA,USA
454,223 Legue of legend St.,Dallas,TA,USA
455,1223 Yasuo St.,Dallas,TA,USA
456,567 UClaandusc St.,Dallas,TA,USA
457,George St.,Dallas,TA,USA
458,Hamberger St.,Dallas,TA,USA
459,1234 Hilltom St.,Dallas,TA,USA
460,122 Frasico St.,Dallas,TA,USA
461,Past Boston First Happy St.,Austin,TA,USA
462,First Vanco New York City Happy St.,Austin,TA,USA
463,Chicago Happy St.,Austin,TA,USA
464,Detroit Happy St.,Austin,TA,USA
465,What's Happy St.,Austin,TA,USA
466,Washington DC Happy St.,Austin,TA,USA
467,Philadelphia Happy St.,Austin,TA,USA
468,1335 DacesRoute St.,Austin,TA,USA
469,15 Invalid St.,Austin,TA,USA
470,22 Ggoogle St.,Austin,TA,USA
471,Villas at happy vally St.,Austin,TA,USA
472,13 Apple St.,Austin,TA,USA
473,Downtown Happy St.,Austin,TA,USA
474,142 Twiter St.,Austin,TA,USA
475,22 Shadow St.,Austin,TA,USA
476,13 Simple St.,Austin,TA,USA
477,Simple awp Happy St.,Austin,TA,USA
478,66 Shadow St.,Austin,TA,USA
479,Vally Happy St.,Austin,TA,USA
480,Vally Happy St.,Austin,TA,USA
481,21 Csgo St.,Austin,TA,USA
482,223 Legue of legend St.,Austin,TA,USA
483,1223 Yasuo St.,Austin,TA,USA
484,567 UClaandusc St.,Austin,TA,USA
485,George St.,Austin,TA,USA
486,Hamberger St.,Austin,TA,USA
487,1234 Hilltom St.,Austin,TA,USA
488,122 Frasico St.,Austin,TA,USA
489,Past Boston First Happy St.,Seattle,WA,USA
490,First Vanco New York City Happy St.,Seattle,WA,USA
491,Chicago Happy St.,Seattle,WA,USA
492,Detroit Happy St.,Seattle,WA,USA
493,What's Happy St.,Seattle,WA,USA
494,Washington DC Happy St.,Seattle,WA,USA
495,Philadelphia Happy St.,Seattle,WA,USA
496,1335 DacesRoute St.,Seattle,WA,USA
497,15 Invalid St.,Seattle,WA,USA
498,22 Ggoogle St.,Seattle,WA,USA
499,Villas at happy vally St.,Seattle,WA,USA
500,13 Apple St.,Seattle,WA,USA
501,Downtown Happy St.,Seattle,WA,USA
502,142 Twiter St.,Seattle,WA,USA
503,22 Shadow St.,Seattle,WA,USA
504,13 Simple St.,Seattle,WA,USA
505,Simple awp Happy St.,Seattle,WA,USA
506,66 Shadow St.,Seattle,WA,USA
507,Vally Happy St.,Seattle,WA,USA
508,Vally Happy St.,Seattle,WA,USA
509,21 Csgo St.,Seattle,WA,USA
510,223 Legue of legend St.,Seattle,WA,USA
511,1223 Yasuo St.,Seattle,WA,USA
512,567 UClaandusc St.,Seattle,WA,USA
513,George St.,Seattle,WA,USA
514,Hamberger St.,Seattle,WA,USA
515,1234 Hilltom St.,Seattle,WA,USA
516,122 Frasico St.,Seattle,WA,USA
517,Past Boston First Happy St.,Salem,MA,USA
518,First Vanco New York City Happy St.,Salem,MA,USA
519,Chicago Happy St.,Salem,MA,USA
520,Detroit Happy St.,Salem,MA,USA
521,What's Happy St.,Salem,MA,USA
522,Washington DC Happy St.,Salem,MA,USA
523,Philadelphia Happy St.,Salem,MA,USA
524,1335 DacesRoute St.,Salem,MA,USA
525,15 Invalid St.,Salem,MA,USA
526,22 Ggoogle St.,Salem,MA,USA
527,Villas at happy vally St.,Salem,MA,USA
528,13 Apple St.,Salem,MA,USA
529,Downtown Happy St.,Salem,MA,USA
530,142 Twiter St.,Salem,MA,USA
531,22 Shadow St.,Salem,MA,USA
532,13 Simple St.,Salem,MA,USA
533,Simple awp Happy St.,Salem,MA,USA
534,66 Shadow St.,Salem,MA,USA
535,Vally Happy St.,Salem,MA,USA
536,Vally Happy St.,Salem,MA,USA
537,21 Csgo St.,Salem,MA,USA
538,223 Legue of legend St.,Salem,MA,USA
539,1223 Yasuo St.,Salem,MA,USA
540,567 UClaandusc St.,Salem,MA,USA
541,George St.,Salem,MA,USA
542,Hamberger St.,Salem,MA,USA
543,1234 Hilltom St.,Salem,MA,USA
544,122 Frasico St.,Salem,MA,USA
545,Past Boston First Happy St.,Fall River,MA,USA
546,First Vanco New York City Happy St.,Fall River,MA,USA
547,Chicago Happy St.,Fall River,MA,USA
548,Detroit Happy St.,Fall River,MA,USA
549,What's Happy St.,Fall River,MA,USA
550,Washington DC Happy St.,Fall River,MA,USA
551,Philadelphia Happy St.,Fall River,MA,USA
552,1335 DacesRoute St.,Fall River,MA,USA
553,15 Invalid St.,Fall River,MA,USA
554,22 Ggoogle St.,Fall River,MA,USA
555,Villas at happy vally St.,Fall River,MA,USA
556,13 Apple St.,Fall River,MA,USA
557,Downtown Happy St.,Fall River,MA,USA
558,142 Twiter St.,Fall River,MA,USA
559,22 Shadow St.,Fall River,MA,USA
560,13 Simple St.,Fall River,MA,USA
561,Simple awp Happy St.,Fall River,MA,USA
562,66 Shadow St.,Fall River,MA,USA
563,Vally Happy St.,Fall River,MA,USA
564,Vally Happy St.,Fall River,MA,USA
565,21 Csgo St.,Fall River,MA,USA
566,223 Legue of legend St.,Fall River,MA,USA
567,1223 Yasuo St.,Fall River,MA,USA
568,567 UClaandusc St.,Fall River,MA,USA
569,George St.,Fall River,MA,USA
570,Hamberger St.,Fall River,MA,USA
571,1234 Hilltom St.,Fall River,MA,USA
572,122 Frasico St.,Fall River,MA,USA
573,Past Boston First Happy St.,San Diego,CA,USA
574,First Vanco New York City Happy St.,San Diego,CA,USA
575,Chicago Happy St.,San Diego,CA,USA
576,Detroit Happy St.,San Diego,CA,USA
577,What's Happy St.,San Diego,CA,USA
578,Washington DC Happy St.,San Diego,CA,USA
579,Philadelphia Happy St.,San Diego,CA,USA
580,1335 DacesRoute St.,San Diego,CA,USA
581,15 Invalid St.,San Diego,CA,USA
582,22 Ggoogle St.,San Diego,CA,USA
583,Villas at happy vally St.,San Diego,CA,USA
584,13 Apple St.,San Diego,CA,USA
585,Downtown Happy St.,San Diego,CA,USA
586,142 Twiter St.,San Diego,CA,USA
587,22 Shadow St.,San Diego,CA,USA
588,13 Simple St.,San Diego,CA,USA
589,Simple awp Happy St.,San Diego,CA,USA
590,66 Shadow St.,San Diego,CA,USA
591,Vally Happy St.,San Diego,CA,USA
592,Vally Happy St.,San Diego,CA,USA
593,21 Csgo St.,San Diego,CA,USA
594,223 Legue of legend St.,San Diego,CA,USA
595,1223 Yasuo St.,San Diego,CA,USA
596,567 UClaandusc St.,San Diego,CA,USA
597,George St.,San Diego,CA,USA
598,Hamberger St.,San Diego,CA,USA
599,1234 Hilltom St.,San Diego,CA,USA
600,122 Frasico St.,San Diego,CA,USA
601,Past Boston First Happy St.,Mountain View,CA,USA
602,First Vanco New York City Happy St.,Mountain View,CA,USA
603,Chicago Happy St.,Mountain View,CA,USA
604,Detroit Happy St.,Mountain View,CA,USA
605,What's Happy St.,Mountain View,CA,USA
606,Washington DC Happy St.,Mountain View,CA,USA
607,Philadelphia Happy St.,Mountain View,CA,USA
608,1335 DacesRoute St.,Mountain View,CA,USA
609,15 Invalid St.,Mountain View,CA,USA
610,22 Ggoogle St.,Mountain View,CA,USA
611,Villas at happy vally St.,Mountain View,CA,USA
612,13 Apple St.,Mountain View,CA,USA
613,Downtown Happy St.,Mountain View,CA,USA
614,142 Twiter St.,Mountain View,CA,USA
615,22 Shadow St.,Mountain View,CA,USA
616,13 Simple St.,Mountain View,CA,USA
617,Simple awp Happy St.,Mountain View,CA,USA
618,66 Shadow St.,Mountain View,CA,USA
619,Vally Happy St.,Mountain View,CA,USA
620,Vally Happy St.,Mountain View,CA,USA
621,21 Csgo St.,Mountain View,CA,USA
622,223 Legue of legend St.,Mountain View,CA,USA
623,1223 Yasuo St.,Mountain View,CA,USA
624,567 UClaandusc St.,Mountain View,CA,USA
625,George St.,Mountain View,CA,USA
626,Hamberger St.,Mountain View,CA,USA
627,1234 Hilltom St.,Mountain View,CA,USA
628,122 Frasico St.,Mountain View,CA,USA
629,Past Boston First Happy St.,Irvine,CA,USA
630,First Vanco New York City Happy St.,Irvine,CA,USA
631,Chicago Happy St.,Irvine,CA,USA
632,Detroit Happy St.,Irvine,CA,USA
633,What's Happy St.,Irvine,CA,USA
634,Washington DC Happy St.,Irvine,CA,USA
635,Philadelphia Happy St.,Irvine,CA,USA
636,1335 DacesRoute St.,Irvine,CA,USA
637,15 Invalid St.,Irvine,CA,USA
638,22 Ggoogle St.,Irvine,CA,USA
639,Villas at happy vally St.,Irvine,CA,USA
640,13 Apple St.,Irvine,CA,USA
641,Downtown Happy St.,Irvine,CA,USA
642,142 Twiter St.,Irvine,CA,USA
643,22 Shadow St.,Irvine,CA,USA
644,13 Simple St.,Irvine,CA,USA
645,Simple awp Happy St.,Irvine,CA,USA
646,66 Shadow St.,Irvine,CA,USA
647,Vally Happy St.,Irvine,CA,USA
648,Vally Happy St.,Irvine,CA,USA
649,21 Csgo St.,Irvine,CA,USA
650,223 Legue of legend St.,Irvine,CA,USA
651,1223 Yasuo St.,Irvine,CA,USA
652,567 UClaandusc St.,Irvine,CA,USA
653,George St.,Irvine,CA,USA
654,Hamberger St.,Irvine,CA,USA
655,1234 Hilltom St.,Irvine,CA,USA
656,122 Frasico St.,Irvine,CA,USA
657,Past Boston First Happy St.,San Jose,CA,USA
658,First Vanco New York City Happy St.,San Jose,CA,USA
659,Chicago Happy St.,San Jose,CA,USA
660,Detroit Happy St.,San Jose,CA,USA
661,What's Happy St.,San Jose,CA,USA
662,Washington DC Happy St.,San Jose,CA,USA
663,Philadelphia Happy St.,San Jose,CA,USA
664,1335 DacesRoute St.,San Jose,CA,USA
665,15 Invalid St.,San Jose,CA,USA
666,22 Ggoogle St.,San Jose,CA,USA
667,Villas at happy vally St.,San Jose,CA,USA
668,13 Apple St.,San Jose,CA,USA
669,Downtown Happy St.,San Jose,CA,USA
670,142 Twiter St.,San Jose,CA,USA
671,22 Shadow St.,San Jose,CA,USA
672,13 Simple St.,San Jose,CA,USA
673,Simple awp Happy St.,San Jose,CA,USA
674,66 Shadow St.,San Jose,CA,USA
675,Vally Happy St.,San Jose,CA,USA
676,Vally Happy St.,San Jose,CA,USA
677,21 Csgo St.,San Jose,CA,USA
678,223 Legue of legend St.,San Jose,CA,USA
679,1223 Yasuo St.,San Jose,CA,USA
680,567 UClaandusc St.,San Jose,CA,USA
681,George St.,San Jose,CA,USA
682,Hamberger St.,San Jose,CA,USA
683,1234 Hilltom St.,San Jose,CA,USA
684,122 Frasico St.,San Jose,CA,USA
685,Past Boston First Happy St.,Long Beach,CA,USA
686,First Vanco New York City Happy St.,Long Beach,CA,USA
687,Chicago Happy St.,Long Beach,CA,USA
688,Detroit Happy St.,Long Beach,CA,USA
689,What's Happy St.,Long Beach,CA,USA
690,Washington DC Happy St.,Long Beach,CA,USA
691,Philadelphia Happy St.,Long Beach,CA,USA
692,1335 DacesRoute St.,Long Beach,CA,USA
693,15 Invalid St.,Long Beach,CA,USA
694,22 Ggoogle St.,Long Beach,CA,USA
695,Villas at happy vally St.,Long Beach,CA,USA
696,13 Apple St.,Long Beach,CA,USA
697,Downtown Happy St.,Long Beach,CA,USA
698,142 Twiter St.,Long Beach,CA,USA
699,22 Shadow St.,Long Beach,CA,USA
700,13 Simple St.,Long Beach,CA,USA
701,Simple awp Happy St.,Long Beach,CA,USA
702,66 Shadow St.,Long Beach,CA,USA
703,Vally Happy St.,Long Beach,CA,USA
704,Vally Happy St.,Long Beach,CA,USA
705,21 Csgo St.,Long Beach,CA,USA
706,223 Legue of legend St.,Long Beach,CA,USA
707,1223 Yasuo St.,Long Beach,CA,USA
708,567 UClaandusc St.,Long Beach,CA,USA
709,George St.,Long Beach,CA,USA
710,Hamberger St.,Long Beach,CA,USA
711,1234 Hilltom St.,Long Beach,CA,USA
712,122 Frasico St.,Long Beach,CA,USA
797,Past Boston First Happy St.,Erie,PA,USA
798,First Vanco New York City Happy St.,Erie,PA,USA
799,Chicago Happy St.,Erie,PA,USA
800,Detroit Happy St.,Erie,PA,USA
801,What's Happy St.,Erie,PA,USA
802,Washington DC Happy St.,Erie,PA,USA
803,Philadelphia Happy St.,Erie,PA,USA
804,1335 DacesRoute St.,Erie,PA,USA
805,15 Invalid St.,Erie,PA,USA
806,22 Ggoogle St.,Erie,PA,USA
807,Villas at happy vally St.,Erie,PA,USA
808,13 Apple St.,Erie,PA,USA
809,Downtown Happy St.,Erie,PA,USA
810,142 Twiter St.,Erie,PA,USA
811,22 Shadow St.,Erie,PA,USA
812,13 Simple St.,Erie,PA,USA
813,Simple awp Happy St.,Erie,PA,USA
814,66 Shadow St.,Erie,PA,USA
815,Vally Happy St.,Erie,PA,USA
816,Vally Happy St.,Erie,PA,USA
817,21 Csgo St.,Erie,PA,USA
818,223 Legue of legend St.,Erie,PA,USA
819,1223 Yasuo St.,Erie,PA,USA
820,567 UClaandusc St.,Erie,PA,USA
821,George St.,Erie,PA,USA
822,Hamberger St.,Erie,PA,USA
823,1234 Hilltom St.,Erie,PA,USA
824,122 Frasico St.,Erie,PA,USA
825,Past Boston First Happy St.,Altoona,PA,USA
826,First Vanco New York City Happy St.,Altoona,PA,USA
827,Chicago Happy St.,Altoona,PA,USA
828,Detroit Happy St.,Altoona,PA,USA
829,What's Happy St.,Altoona,PA,USA
830,Washington DC Happy St.,Altoona,PA,USA
831,Philadelphia Happy St.,Altoona,PA,USA
832,1335 DacesRoute St.,Altoona,PA,USA
833,15 Invalid St.,Altoona,PA,USA
834,22 Ggoogle St.,Altoona,PA,USA
835,Villas at happy vally St.,Altoona,PA,USA
836,13 Apple St.,Altoona,PA,USA
837,Downtown Happy St.,Altoona,PA,USA
838,142 Twiter St.,Altoona,PA,USA
839,22 Shadow St.,Altoona,PA,USA
840,13 Simple St.,Altoona,PA,USA
841,Simple awp Happy St.,Altoona,PA,USA
842,66 Shadow St.,Altoona,PA,USA
843,Vally Happy St.,Altoona,PA,USA
844,Vally Happy St.,Altoona,PA,USA
845,21 Csgo St.,Altoona,PA,USA
846,223 Legue of legend St.,Altoona,PA,USA
847,1223 Yasuo St.,Altoona,PA,USA
848,567 UClaandusc St.,Altoona,PA,USA
849,George St.,Altoona,PA,USA
850,Hamberger St.,Altoona,PA,USA
851,1234 Hilltom St.,Altoona,PA,USA
852,122 Frasico St.,Altoona,PA,USA
853,Past Boston First Happy St.,Harrisburg,PA,USA
854,First Vanco New York City Happy St.,Harrisburg,PA,USA
855,Chicago Happy St.,Harrisburg,PA,USA
856,Detroit Happy St.,Harrisburg,PA,USA
857,What's Happy St.,Harrisburg,PA,USA
858,Washington DC Happy St.,Harrisburg,PA,USA
859,Philadelphia Happy St.,Harrisburg,PA,USA
860,1335 DacesRoute St.,Harrisburg,PA,USA
861,15 Invalid St.,Harrisburg,PA,USA
862,22 Ggoogle St.,Harrisburg,PA,USA
863,Villas at happy vally St.,Harrisburg,PA,USA
864,13 Apple St.,Harrisburg,PA,USA
865,Downtown Happy St.,Harrisburg,PA,USA
866,142 Twiter St.,Harrisburg,PA,USA
867,22 Shadow St.,Harrisburg,PA,USA
868,13 Simple St.,Harrisburg,PA,USA
869,Simple awp Happy St.,Harrisburg,PA,USA
870,66 Shadow St.,Harrisburg,PA,USA
871,Vally Happy St.,Harrisburg,PA,USA
872,Vally Happy St.,Harrisburg,PA,USA
873,21 Csgo St.,Harrisburg,PA,USA
874,223 Legue of legend St.,Harrisburg,PA,USA
875,1223 Yasuo St.,Harrisburg,PA,USA
876,567 UClaandusc St.,Harrisburg,PA,USA
877,George St.,Harrisburg,PA,USA
878,Hamberger St.,Harrisburg,PA,USA
879,1234 Hilltom St.,Harrisburg,PA,USA
880,122 Frasico St.,Harrisburg,PA,USA
881,Past Boston First Happy St.,Pittsburgh,PA,USA
882,First Vanco New York City Happy St.,Pittsburgh,PA,USA
883,Chicago Happy St.,Pittsburgh,PA,USA
884,Detroit Happy St.,Pittsburgh,PA,USA
885,What's Happy St.,Pittsburgh,PA,USA
886,Washington DC Happy St.,Pittsburgh,PA,USA
887,Philadelphia Happy St.,Pittsburgh,PA,USA
888,1335 DacesRoute St.,Pittsburgh,PA,USA
889,15 Invalid St.,Pittsburgh,PA,USA
890,22 Ggoogle St.,Pittsburgh,PA,USA
891,Villas at happy vally St.,Pittsburgh,PA,USA
892,13 Apple St.,Pittsburgh,PA,USA
893,Downtown Happy St.,Pittsburgh,PA,USA
894,142 Twiter St.,Pittsburgh,PA,USA
895,22 Shadow St.,Pittsburgh,PA,USA
896,13 Simple St.,Pittsburgh,PA,USA
897,Simple awp Happy St.,Pittsburgh,PA,USA
898,66 Shadow St.,Pittsburgh,PA,USA
899,Vally Happy St.,Pittsburgh,PA,USA
900,Vally Happy St.,Pittsburgh,PA,USA
901,21 Csgo St.,Pittsburgh,PA,USA
902,223 Legue of legend St.,Pittsburgh,PA,USA
903,1223 Yasuo St.,Pittsburgh,PA,USA
904,567 UClaandusc St.,Pittsburgh,PA,USA
905,George St.,Pittsburgh,PA,USA
906,Hamberger St.,Pittsburgh,PA,USA
907,1234 Hilltom St.,Pittsburgh,PA,USA
908,122 Frasico St.,Pittsburgh,PA,USA
909,Past Boston First Happy St.,Allentown,PA,USA
910,First Vanco New York City Happy St.,Allentown,PA,USA
911,Chicago Happy St.,Allentown,PA,USA
912,Detroit Happy St.,Allentown,PA,USA
913,What's Happy St.,Allentown,PA,USA
914,Washington DC Happy St.,Allentown,PA,USA
915,Philadelphia Happy St.,Allentown,PA,USA
916,1335 DacesRoute St.,Allentown,PA,USA
917,15 Invalid St.,Allentown,PA,USA
918,22 Ggoogle St.,Allentown,PA,USA
919,Villas at happy vally St.,Allentown,PA,USA
920,13 Apple St.,Allentown,PA,USA
921,Downtown Happy St.,Allentown,PA,USA
922,142 Twiter St.,Allentown,PA,USA
923,22 Shadow St.,Allentown,PA,USA
924,13 Simple St.,Allentown,PA,USA
925,Simple awp Happy St.,Allentown,PA,USA
926,66 Shadow St.,Allentown,PA,USA
927,Vally Happy St.,Allentown,PA,USA
928,Vally Happy St.,Allentown,PA,USA
929,21 Csgo St.,Allentown,PA,USA
930,223 Legue of legend St.,Allentown,PA,USA
931,1223 Yasuo St.,Allentown,PA,USA
932,567 UClaandusc St.,Allentown,PA,USA
933,George St.,Allentown,PA,USA
934,Hamberger St.,Allentown,PA,USA
935,1234 Hilltom St.,Allentown,PA,USA
936,122 Frasico St.,Allentown,PA,USA
